Area Name,avg_traffic_volume,avg_speed,avg_congestion,avg_pedestrian,avg_incidents,avg_signal_compliance,traffic_score,activity_score,incident_risk,signal_bonus,traffic_safety_score
Electronic City,16346.644927536232,43.66178943222826,54.45450696246739,143.47826086956522,0.7807971014492754,79.87282842231883,0.5,0.3,0.1778040204446534,0.40731993185115534,0.5166469846665099
Hebbal,26533.232631578947,40.149855242473684,80.08724423013685,111.78842105263158,1.5673684210526315,79.89531148401052,0.3000163965380058,0.4626178424446059,0.6740974743469674,0.44618302007394195,0.36906328382380293
Indiranagar,32284.388372093024,38.64434142587791,87.64189020088952,110.33720930232558,1.7773255813953488,80.04562912235465,0.39877207427593053,0.593936716920824,0.7317342537845072,0.706014519916726,0.46102301976816373
Jayanagar,24601.329923273657,39.78969199478261,76.9983238637681,111.57374254049446,1.4833759590792839,80.21570551070758,0.25780272899597917,0.40611002628635645,0.45371169051798504,1.0,0.47833053909068557
Koramangala,40832.253665689146,36.06262878765396,93.9855355286437,104.64222873900293,1.846774193548387,79.63718582223606,0.5,0.7,0.9883871657356804,0.0,0.3529032085660799
M.G. Road,35300.42638241172,37.53518869272485,90.57966999570952,109.44970019986675,1.8647568287808127,79.93769957255164,0.4489336853555491,0.6488739862509001,0.844164119404709,0.5194529353176365,0.43622219688363545
Whitefield,21295.12738853503,42.14086635214438,69.0546612755414,120.93524416135881,1.276008492569002,79.97760454024416,0.31081553019166475,0.3509465771548115,0.44326863890214613,0.5884306529091551,0.42396951806662225
Yeshwanthpur,18931.546321525886,43.44757640753406,62.369633611523156,131.44141689373296,1.0844686648501363,80.0040976923297,0.3978140411873862,0.32824444032163685,0.3058375442925279,0.6342253814438608,0.48997044563944153
