Area Name,night_traffic_volume,night_pedestrian,night_incidents,activity_score,incident_risk,signal_bonus,night_traffic_safety_score
Electronic City,17131.352112676057,137.00704225352112,0.7746478873239436,0.3,0.0038581556909877634,0.9871394810300408,0.6471063832317592
Hebbal,25969.873913043477,114.95217391304348,1.517391304347826,0.46141523404550555,0.531547236890206,0.7772249723384655,0.4692553727450992
Indiranagar,31561.651804670913,112.16985138004246,1.7197452229299364,0.5763218054314637,0.7554882829099683,0.452779635755812,0.4194369971048983
Jayanagar,25349.53846153846,110.59706959706959,1.6996336996336996,0.4153560840530493,0.6209389001639892,0.8593334340693268,0.4194400785554847
Koramangala,40857.54941860465,104.84011627906976,1.7994186046511629,0.7,0.8886471202437782,0.1750818715507185,0.4041005006716632
M.G. Road,34328.64480874317,112.65300546448087,1.8934426229508197,0.6365734957600248,0.7987237416328895,0.6709208612237015,0.47944959973562623
Whitefield,22072.777777777777,118.32950191570882,1.3601532567049808,0.3655986388588686,0.36633507963109896,1.0,0.5096501803212309
Yeshwanthpur,18854.304812834223,133.68449197860963,1.1176470588235294,0.3485160280612694,0.5146054252884726,0.0,0.378109923013002
